id_user,hash_user,language_l1,language_l2,gender,age,accent,n_sensitive,n_sample
id00567,e8f23177a19497b49ad33503482aaa789a1cc99e2440a82441a419de959d4b5b64ba99a87d80b658a982d7196501358c06d69d15a176624148214a405c514371,Spanish,es,female,twenties,es_andino,3,24
id00241,375c4c1ada2ab075450c0f31f523c408d30bd5796c70d8c65f45c3e3dc4cf5f68cacd7e32165b1c1ccca4b070587369f5a358235c6611bc637d48cbf6671631f,Spanish,ca,female,fourties,ca_central,3,95
id01225,c0a85f602e374d5474cffa98427e1f61a7c2e1624a061df97ae5ef730f090b298ad56046d8161f5a08b71e706cd473add8ea5bef7e736ee287347c123f3a0f65,Spanish,ca,female,sixties,ca_central,3,5
id00751,c0d143f252d3de8a112aa6dd3be85633a4d6c1a5d62392472fe15388baaba1c0baf71bbdfb729d2e9a5bdc7a42a6f5173e4f872da5705ea6e0428f60919c877b,Spanish,ca,female,thirties,ca_central,3,15
id00051,21ea5add38e0cc03e855dacc93a8751a3bf2b877e76b6aebf3349ed0e0d42759b6b752f7ab7b0e3795e0de81197a1e7a8d2ec236f448355d2ac34a1e2955cbaa,Spanish,ca,female,fifties,ca_central,3,406
id00612,1da751850b91e945bb19f1ce8cee037cda38ab44f74ea749383832a1906d2d5e977b04c70c043a71a6f98aaa8cbc982950593ca6ffb05f57eea73a89455f25d3,Spanish,ba,female,twenties,nan,2,21
id01107,0c8feaf84999f8fde3009c11cc8005acc886ec20c62160539c9f4d89951ae97a621861ff93bdedf4e4b90c073a4ea218887b0d158d22e79681a14d0a3ccb1496,Spanish,ca,female,fifties,ca_valencian,3,7
id00981,003473222c413145af35e73b37346b82714945028544ba3aa7f5a4725489cbc6c7b5db87e529816471a1fd37fb78df9fbddbcf2f294989fdbb14b1a7a6478de8,Spanish,ca,female,fourties,ca_central,3,10
id00014,1c7af1cc1357fd63bd9ffe915745e20c34588438e1e0d85fdc8c9de4b3bd41d3d61b318b6a69862c6d64dd41f15ef3d994a6bb6c9a9dac69c891308b09ab16a5,Spanish,ca,female,fifties,ca_central,3,1274
id00295,0d6719acb4a49365b114dc7afe9dc5ef4d851754feec0279f4a314efdc610d6026534b91ac4f59fe27e69492d03aae9e31f540bece85a53dd12e586bb3e5339b,Spanish,ca,female,sixties,ca_other,3,71
id00101,3e0e30bd686219f862e8eba4cb46c15bdf27c7fcc2b323723c0bf5bbdb3f4d506ace97b8f617eda386951459d3741ee2f2bb6a2c19a5620beb6ae2708a3795bf,Spanish,ca,female,fifties,ca_central,3,229
id01075,150e4ed5c3c29ae32a12f0d1b7f58135b27fcd587e147de634db50445641bcdd8692e3cb3c7816dd014576ac0c6821878159feefa8b1214c38517e85d4e7bba2,Spanish,ca,female,fifties,ca_central,3,8
id00039,86e59566164bb1fffcf52fb15f7b14196b2135c076a05c5cfd88ce18fc97ccfca91cbf38d77cb769a6707363cde7be2ab51c9c520988273f6f2e8ff767f60253,Spanish,ba,female,twenties,ba_mendebalekoa,3,478
id01282,9f9763eafafcc6df07f2ff33bffebea174357f40acea3fe3b41c1980b619b73f7957b6991cc2041b2cedb8d91c2a4c0b271f10a98c03329278e246837f66bf91,Spanish,ca,female,fifties,ca_other,3,5
id00969,5515e0bd1bb26512ab80c266b3e1461bc7b665643bd247aacc2888ffe9c8dc81a829905669742e823e2988d847049a9020ed6ea304e6846a6aff08d608079601,Spanish,ca,female,twenties,ca_central,3,10
id00008,0c6bf67821762116d753c9b48ebed8a2ccfa0a956d5dbf19feb0ac0bc2096154ca288ae7c5e324a3092db395cc24c64c6a4e4fb0e01429b7343cafc7ac1b2e13,Spanish,ca,female,fourties,ca_central,3,1664
id00698,5cedec4bd081e00259c7aa4606056200947bef5dd7781817c726ae77c1b69dfbb8f5b1a665feb534b9664d0c97fe96daa912170d829b216279a32ade12f18ccd,Spanish,ca,female,fifties,ca_central,3,19
id01117,e28f78426ab2550d9a54e9abab2d44579ba55031a9150adb2cdf51d18b5eb4a7da1e80c34e53301c01d4c26b31bca3b025f3fac4074a17e1201772a28d75f7a4,Spanish,ca,female,fifties,ca_valencian,3,7
id00154,ea9c016e1cfb7cd85124652bd469fed73ab7340516a86e8bceb364cc8567dfe10a284c7b940cf75c0939a5ee9c3a9ec744084e1c9ec24d9a51683c3711edcf58,Spanish,ca,female,sixties,ca_central,3,156
id00278,f1a68796b2aa3553be96743821a9f7753b573c72d9a20d7dba7253ebc743df32a17fafa0397c7e68163229298f82f56b0cb342a32ecb296894cf871e13a0d3ba,Spanish,ca,female,fourties,ca_central,3,77
id00875,3f6d98ec854d17cb06f2353524b0a5c505d7684d876837fa1c775816d47b5130049ddf405b9f354c65e34420be1630efb3727773a6a1c45b39a0cbbcd9a6fec6,Spanish,ca,female,fourties,ca_central,3,10
id00696,ab0e915928987dea1e7306c0e818a58c12f20e7f0f78ca82c93af2af9554d840bf9f81f2038b4e7c7f215d35b2093abbbc3b006b1c440b4b98f1d472e1439727,Spanish,ca,female,sixties,ca_central,3,19
id00058,e9da05b6d590dcf94addabd168c543be41a2275ddf44f6f44db1e3698f0bf7dd67f2e93b66679e0a0d42a2f39f3bc6a389f0e6b362431d0cb197fe46f9dd6606,Spanish,ca,female,fourties,ca_central,3,357
id00721,45cd795ce4a8199b808f053aaf63149121f3be8942a94687c8b0e3e892d5670f239d62dd270354ad15c67cb4cb365d98194b6dd8f1d5df8cbfd54386b897188d,Spanish,ca,female,fourties,ca_central,3,18
id01085,a3bd03cbe17d7e6176d932641e78c93ced4ff44d274ed704864095cfbf4dda5668c30c0abadf7a38c35eb0d823b85b8fe09b4242520eadc3c08e3aa2933e8d3b,Spanish,ca,female,thirties,ca_central,3,8
id00054,4a68503ba51cfa3aea9858560fe6b3e2441eb080ab8ce4096098fd7ce91acb07f119ed7bf3800c5f79063a613d40c53567390d501269d63adf1b14bb789f3dee,Spanish,ba,female,thirties,nan,2,391
id00017,06c6d2e093624103c268e2cba37466147fd564bff1312a78d1c5be9ba168af4cf4819c7a91d5321d7aa9bd20ad6c702ca2cb005496dd20c45d293200b2b8a7b9,Spanish,ca,female,fourties,ca_central,3,981
id00438,c4b5691ff17e22e1dd9d7c45ebeec2c340515aa7a2b37e4d3e0c4060581274066a11c4ace736ebf18011f76e73a999a7c4bd229aa2b64160666eeaa1cb8e8a44,Spanish,"es,ba",female,fifties,nan,2,37
id01261,6a41771a10348d2c5a994540198f112255e2710d575cdb444187c02fc6214cd888ffaa9bf69abb23ffbfd46760389b4ea0b527b4b457d7b9dfc4fce96cd72dd1,Spanish,ca,female,thirties,ca_central,3,5
id00269,8950a0499296c4692cfd041d289563f45929afc89a9f7cb81edf1c9560d3ce15a273456e2c7bf762dbe71282cbf62aa266a93f66250a7854d50e25a4c4136d49,Spanish,es,female,thirties,nan,2,80
id00076,4f2b4ce7056388025af6a66c60c8a34a965df337a05dc67c2bfbdf9aa9a8fa707686670f046ddb8e78702a33c4110528c1a889a1036cabcc6505ae0605d4c773,Spanish,ba,female,twenties,ba_mendebalekoa,3,298
id00382,6ae52ed98ab3ab7bbad7095d1f2e238e5a53071f194890ef645aa8f1ec540864ef0477c1004e1b2bba818bbeb18d250f1d3e348ca0f16cbab5169880d7fcc123,Spanish,ca,female,sixties,ca_balearic,3,48
id01294,9a33daaec04e50b45bac34a49a312ee0e6983b12cbf529a928c665b41e99f918d0c08c4e010169fbbb75c5966135463438dc3ecd48e6ddc0a330ec461c40bbcf,Spanish,ca,female,sixties,ca_central,3,5
id00297,8e87677e171057ddf5c13280df852453c7c013b176f7f225af03a696bc91d33e87f6a93fb5ec3a0661caf2ba37785c63450d1db8e73732a4b19c7afc3a03c63e,Spanish,ca,female,fourties,ca_central,3,69
id00288,c083755d5467c0280ac11ff64f65c2b50f0630811fc1d9c1005b8dac1671dcd2517b0d89fd581cd422384b4141f2889ef2863bbd5f229573395886d3ade27edf,Spanish,ba,female,thirties,nan,2,73
id01115,65b455b46a69d0bfec5b513073befded62389aec4e5a8c45547287d4c983cdacc3c0b52699b62c29696cc5dbf760f95ad51760e2433ef06f54ac34e94e152998,Spanish,ba,female,thirties,ba_mendebalekoa,3,7
id00423,c5df3b1dc6ce2ee30c2180ade016793fd99052f80f1cb20bb625124a3276c2423dc3d27aba93800bb2615899b3d0e9f20f01d31de3f438757347b9eae190d516,Spanish,ca,female,thirties,ca_central,3,39
id00509,539646135a46b95dac440faf866f621c2fa239ef8bfd8df8514f747d8600edde431b3b8c2329eed865eeaa6d9f2b123f3aad2ce0cb206b79af04cf3493abfc2d,Spanish,ca,female,fifties,ca_central,3,29
id00966,422cab2d7ff438dc6de76ce4af1003cce76ff6953099deeaae4dac3a287711b4843e2787f58e20c5c88d1a16a4e33d01390dadbb9473fe9bcd1a3d4c702afce0,Spanish,ca,female,fifties,ca_central,3,10
id00347,bd0df72f554a3114cb73f8317a050a49c298714e5f5cf51cdc41fb5d232324ca113a4faf5197ba2b51331c9edf2346fdaaa91ca3433567e0a75176ff793f4329,Spanish,ca,female,fifties,ca_central,3,54
id00489,feb1aba2671b6f8c0501a50434a13bec3e574c83e8cfd348ae1d7589bb2e4ebb07b2d08bad6757d0a2ff141b220ee5f8a3a05fee88c65f343ddc0e6f1b68d93d,Spanish,ca,female,thirties,ca_central,3,30
id00998,164aa88c53c55a02264d78663abcd5ab8270f54cdc5555334426b43ad89678dd256cd3e6240148cb0de284011a59205418378b9fbc88d7461724afa52855b082,Spanish,ca,female,fourties,ca_northwestern,3,9
id01039,ba1a7d8f41b7e1d4cc3530e8236aa8500f53c3aba6f083308bd8b195c5d7855def465925899595370e02842b5d7c22b6420925874ffcc64b87b7e44fc9512b0c,Spanish,ca,female,fourties,ca_central,3,9
id00984,d1390ef349112c12310bb8201c7c6bdebdda4767ecdb03058bb7cb455b44c25040d6b62842460108dbd1306e19692722230d90cee943176d0ced1322ec43b156,Spanish,ca,female,fourties,ca_central,3,10
id01287,fca0099cd90c36a1341cb0f29bb29d9d6f8ac4350d64955cd3f73c6fa7f0e548dbab327c4ffd430483e8649848a29ddffd666123d94dd087980248058ed4f3d8,Spanish,ca,female,thirties,ca_central,3,5
id00599,3b810c4bdf83106199acf8a4ff83961865bb936a5847055cd4bbc6d9b22cadc69b200d9766c947094d9d9a742857e57ad18af054886c3195d6dd65dcee39a40c,Spanish,ca,female,sixties,ca_central,3,23
id01275,0f93df990daeb57ebd3e2e4f1b36035cc7cf3a1c0a8aff0a43425b40a99525ebe10cbd5d252d1eb095a9e31c640feaa21605962e277e69447c188592c4249506,Spanish,ba,female,twenties,nan,2,5
id00344,527f039baf968da8a9f6ce6af393e132b1d05e691a3c185b48ed1a71e8321d7221ff738253aef2cb508c22d868fd492c3304de8d21e783cb65017b42adb50a0f,Spanish,ca,female,fifties,ca_central,3,54
id01073,288a273176b445600c19b06ffea2356b6cbf3c442f3d4fb0890d7a60abcf43f10fa0807898cb2664837c644ce79e33f34593245b020492af4b02fd19db9788db,Spanish,ca,female,thirties,ca_balearic,3,8
id00175,04060e08f43d8d33e076c43edca0a661c1192392ce9cd7c9a5fceca642c424ef59129159bea1d064d9acb784ef44baca0895ae4fdc634bd498952a403b617b69,Spanish,ca,female,thirties,ca_central,3,140
id00582,c08f02a8faa983cf1fbb258f52e8abd4487d3b999b0f170a439fb74efb3447994393ef985d1712787156ce222b05e77d2cdb5c1c5b9b1074fa38e87c2a3ea7d5,Spanish,ca,female,fourties,ca_central,3,24
id00411,add0de4ce67d53840041ad5079beba76a887977fef3b155367703f02f1832ac9ac0a36282b615e35eb0eccc65fe5708f3d7cd65b8af127e1444e828e0d2ffe0f,Spanish,ca,female,fourties,ca_central,3,43
id00465,9ba52f6f29daedb301834ab2a3055afbd507c0ed59ec96e69f706008b147c7c3d333c459ee90463db69401aa0d3b547f5060567d5bbc4cf93a6afd529391e36b,Spanish,ca,female,fourties,ca_central,3,33
id00596,131ea1a20efc7f7fbf9a6c2b956b52c0ec1e5ebc31f71f466ac4bac1c21d5e541f308b9261b27cf9115eb1417cba4674a573dd682c4f5572891091c1851bcdbb,Spanish,ca,female,fourties,ca_central,3,23
id01029,8256fc2aab1a37fc81ce234f6ea2206cd55119aa18dc13cadb61a1a208d0e0ad4f49fa40e727f2241f68016c7c99e79a0be45cd357bf493654239a6234956036,Spanish,ca,female,seventies,ca_central,3,9
id00827,f4809f21892405fe62139980b2895a87941779700368a7cc56439af04519a4070f430aea2aa751afc22dd7be3237dda8c8d22bbe5b3e3be643a3217c34a153e3,Spanish,ca,female,fourties,ca_other,3,14
id00488,2daef3884b53e2d2d49a6ecf70608ca85064eb3082e6a36e52674fe4ef548b28453993b6ace644d20b3be1c8363939de71243551b7b93eab857c6a5f91ca34f2,Spanish,ca,female,fourties,ca_central,3,30
id00216,fb72674b74867f08af325d036c661d09ffcb9ee0fb400fc71e4020e38d47b647e6a37e0038125cc85c1f66433f3b5ca827e4409d970ea92e7d4a987e41354b68,Spanish,ca,female,fifties,ca_central,3,109
id00273,a475d7658de902de9be616b4815bda4a672b49d27f05df74e2a9f8d65541fa139429e5c250a73f86937c076f1779d94a39b3f596051a94aa74f3a9b0262310d7,Spanish,es,female,fourties,es_americacentral,3,79
id00662,42b1c8e4beb0b82a1536f5bbc2efbd1311abb1d54f81438485db4328e68e60a5485ac0c5712837a0368f1f7878558348c9b6b3b08b682379cdf39e4ef07f3bc2,Spanish,ca,female,fourties,ca_central,3,20
id00349,3af2349b6aa1945bbdf61189d52a8fb1c6ddd38f5f1e9407390b5f996b2861c48eeb85393b1401a8eec7717aec80bf7266fb4c6cbc0866eec26d5481da6799b5,Spanish,es,female,twenties,es_nortepeninsular,3,54
id00237,5579524d1960f1a0c75eade864490b871aae45930612c9b413c33a367e2e30a0fed1dce86713ea720393b16d92950da2828b8fbb9d28b52fbbf9b029c8390255,Spanish,ca,female,fifties,ca_central,3,98
id00370,18b2a9893e20f69a13bcee22e64ae5f3c42609f306073793dcac39dbd8a65f78bf441619b16993ca99257be0e3952d00f0eac8dba6a8f9e432a75e6e90e3082d,Spanish,ca,female,fifties,ca_central,3,50
id00933,ccd9a32f4b9a5262034885f2fc9dcd6f988747ffbb543ceb890adf8cfd2c2052843f99eea6998f5c9cb00d833890aae416acbbb81d0af24438a22c050f684f82,Spanish,ca,female,thirties,ca_central,3,10
id01081,106f75d1f7009ef8b63ec05688101d0ba5030541a1eed0adf55072422dc1514e4d3a84119a4b074e7f810c3de385c48907d18f4dbf8e9f4f08e889c1c0cf7227,Spanish,ba,female,fourties,ba_mendebalekoa,3,8
id00711,76383f56d9979837d4b3348f9f28877dd1ba58c1bd0ea839bdabf021428c2edfba46ff25558004c5183a73575eb126d4e0746a40e22ab15154d5d6f238a48ca5,Spanish,ca,female,sixties,ca_central,3,18
id00220,41517e17c15a440f1eeb2272f3492b670778f4ef0d9e4f4973b970ef1c2123d3283e67367a7e9007223feab256af1e77b62ed8360043610dbc9891a06fea9669,Spanish,ca,female,fifties,ca_central,3,107
id00261,54059ccba320e97995c1a72d144cc3974c7a7f686d4d522072f3203d383fc318520fb733031e44f5a0a512cf6314cbf71e03296177003f89dddf7c3684615426,Spanish,ba,female,fourties,ba_mendebalekoa,3,86
id00401,1c3264f394fa82900276d3b54cfe96d1eecc97fe45ca532bfd41c2a446d11be4ba38f031f34b95280da9414965aed874c505f838362e86429bb24ecaec370342,Spanish,ca,female,sixties,ca_northwestern,3,44
id00399,1f169ae56972ae4b1507bb78fd4693766aaad4414c313375da878dd782c5fcbc2ae82c8f6b6be11a65604313c2021c742a9e97c40116978e106fe038f168a7c2,Spanish,ca,female,seventies,ca_central,3,45
id00498,d6c6b5b90e796a5835c8b832f01ab65b7187d4a00017494fada638c660efd2d9234ba07d83e679a025a28a28bcae28f2f898f39781aa56a839a543744d594223,Spanish,ca,female,fourties,ca_central,3,30
id00635,08dd00282bc1f0c8943658cf5f70909b3184c23619d748f4b91593525eed07d754c5a7a685e8ad120c88422caa53f21271c8506be6a236f496166b88679b7ebf,Spanish,ca,female,fourties,ca_central,3,20
id00192,e8509eb56f1771ad7dbd4429b893cf234e8b9fd18f32157a3fcbec12e18a95a533e9e0088a64fb935dee7dd9379978f9ce5ed53bf14c0e2348faf713f32b24cd,Spanish,ca,female,twenties,ca_northwestern,3,128
id01250,13af5362c90bf84619a08cce2540b893c3cdb8a958d574c358ea30e87753813a82223428de5279aea7689133115a00a9495b2cfe59cc7099a7d0232a6f82395f,Spanish,es,female,thirties,es_rioplatense,3,5
id00587,0614167282105e4eb9d4c84d71e3976f70e3ab377562c5d74ca1045e64936d34dae7fb05ba4dc882a5b3452e52c8dfe96bd1380e0713eddc3a326f87bc8ae7ae,Spanish,ca,female,sixties,ca_central,3,24
id01301,ffbedbaa18d86acb9e136bc2c1f1349a1ccab0d17a60d44f9ecc19280e225e1f453b3304edc2d981ab95899663cbce3856a55d5d25f8eb93e147eadbfda9e941,Spanish,ca,female,thirties,ca_central,3,4
id00300,1400a7a1b41e8c7fc0b3b162cf9e80e2aa6d3c22f76300d12fc91d27766ef3f86def4a2ad6bd033128dd281f326be5e0b0aed22a7b967450c2204dd7912e8b74,Spanish,ca,female,fifties,ca_central,3,67
id00769,564cc8a31f8a7a1a286ba996f94f8caf9766643279a79e80ae5ab9454fca15b9991d07162b21808a5ce8c5107a63643c8c3a5be827972d89233567798a10f1e2,Spanish,ca,female,twenties,ca_northwestern,3,15
id01141,29ba91734b1c8a12c0961a6219483ca886bde38b11e20c37f6de7b2e6671ed12f9349c192bcf7729feb015e741b5cabd57cb7cbbafc9fe9660bef6ba92c3647b,Spanish,ba,female,fifties,ba_mendebalekoa,3,5
id01210,d0396dc44961ddb35b7c3fe0f1c5146f9fbea3c65997d46161035b5419998638ff7a75ec71cc75e61f5c6eda4f8a21ab29506e692a5880cc22683c5ba69ebfe2,Spanish,ca,female,thirties,ca_other,3,5
id00963,37965512e6f784015ddeb0d6fa33200ea6bfff761e569eb58872897492c3f84f41ba77c1552958c269a8cc4c3186241f76e856fea0a4303d6c96e7a1e31a8322,Spanish,ca,female,fifties,ca_central,3,10
id01090,9c329531e533b62f1ffddd3daa899b8d00ccdfe159196fcbb030a01725f5f8b20153b23a68ba3a563b95f4d3ac465835eb6f94f4d9420ae7f5ee86fd4609e5a8,Spanish,ca,female,twenties,ca_central,3,8
id00620,9a6e399106e0c708d692d939ac44aa408f5bb3dcd7cc47340fce39b16342eb605ca3ab70348842e2a48fe1dfe1e9ca07d4eeb773663fd764bddb3ee1d2c8c50c,Spanish,ca,female,fifties,ca_balearic,3,20
id00673,13d2f5eb3831c7bb7e43151060be83f43f2eca285c442dc8753cb47408e5c3511dd3fdf7e06442361a54cd400e45f9af71a2c94453dd9ad8417e3d505230f0cb,Spanish,ca,female,fourties,nan,2,19
id00685,383ac19cc0e7598df8c86db1b56ab4aae89f7fadbc2af73a57f8cbe80b61c4f34966c7238e565f0c1bfee6f3e1d9964e2a7793d08c499ee6f8e0cac3a3a2448c,Spanish,ca,female,thirties,ca_central,3,19
id00830,015d71dcbe777b3afb839f0aed1199c7b2d152e7217424120c22216c1b612c3896a9339de4bf8cc3c85aac1f85f09fa13d386dcb1260cb7913327909c403a086,Spanish,ca,female,sixties,ca_central,3,13
id01044,493d78e1dfba627250da5302b91ad9c65d80ba66498c46a9a5f77f92ad24d2cc9d1e75131f668768c6f778f15ac6f575d56b42a2e6024ac8a4082d88011cc826,Spanish,ca,female,sixties,ca_northwestern,3,9
id01364,4aea2474a212824f1d468b11bcce526477227d713409baeb7fbc34ab100740134739709c8e2da98d4881ad071d63f65ccf8e5aa97cd5ca8ed8a0fb8e7501623f,Spanish,ca,female,fifties,ca_central,3,3
id00073,af73ac0fdf9f0a00a28a19036e2a568028a2eba014417ec5ded61c2584b3c9379c1c4c3d70af5e7520a2e427dd533d2de79177219ea446784eea4293c1a3db6b,Spanish,ca,female,thirties,ca_central,3,304
id00493,6d54ae3b4b3573d19b458212e577e615143f577ae74d332b7c07d02dc1dfb34e072d7e7bdd7bcd95b54d7afc2e683640db27c72ff0d35453b8f11727ff39268d,Spanish,ca,female,fifties,ca_central,3,30
id00336,796b88da85215221a9691d44ad64df8378bdf22d5053d065a6908aab4d7b12b6a4051dec987d218de96489952e425eb25f45bdd112d4b49e5e5afd0ff6f5e7d2,Spanish,ca,female,fifties,ca_central,3,57
id01023,002db5bd2cc8ef292a4e94a81a18c9e005ef4fcb8ff0585166e6f37ac4ad7a6d0966e0f1b69cb17cfd9e7794f74f3301cae89d0afe69169d3c72881190fc209b,Spanish,ba,female,sixties,ba_mendebalekoa,3,9
id01160,d95d0b44d733ba883a0a31dd796db1099847f587826b1369365f31e5150300b2f1237e9b65522af313dad380c88ae23a7b733a48c527a3a6da437869eccd5978,Spanish,ca,female,thirties,ca_balearic,3,5
id00790,5970a036ce1e841f26e019f65e3bf8270eebf1a956f2419e34a406c507951f0e21ae480fd07ec0f8e5d5ac8bbe4638d58ba616ec327172fe56660c14f493e25c,Spanish,ba,female,twenties,ba_erdialdekoa_nafarra,3,15
id01097,a31bc793006b1c4a889a86e16846519f23360a54d95b14e3853ac344f7f2a0dba05d19ed1df02ce784fac4770089dd7665d7f92a9516641416e16189bf527f29,Spanish,ca,female,fifties,ca_central,3,8
id00149,44a7e6c80ab340e12dcf4de42e6b2ba09a95f64c314755a38f5fd9f4d1dc6ac6dd20d7d25b6968d349841d7f38d60c8938b76893d5fc8530dd28c2b36e72b63d,Spanish,ca,female,fourties,ca_central,3,164
id01251,5098ff643587abdf289d5cedb4afcc88503b49be8c14d4776641ab4f0b63646140e205ca6b944a7f4d7b6e057fc8bad17b03156f02694b67327f07b2ac80d7a4,Spanish,ca,female,sixties,ca_central,3,5
id00621,a867a621a526b5ab6976d0cb8530bf8d5e0ca1bbfbbb5c9e806211de11b4f558104432c1979461d1f05f1ac348de78c447730ac92b5c2285619d3664ee7670f4,Spanish,ca,female,thirties,ca_valencian,3,20
id00282,553fa124a0b56a882f68d8968f46047e85f6b0cc4da4a8f12886c3af251050a9450e7cb4d8337c3d66a4670eb427fd0a604c7f178afbb367fcf7510e73b660bb,Spanish,ba,female,twenties,ba_mendebalekoa,3,75
id00231,c3f80fda6847100a25080f8647cb35b40403c42661bfcc597f398e9b81fbcde9e078984576373eea76139dbdc3228d131c43ab6b452a0ed411b796ccb0d3500c,Spanish,ca,female,twenties,ca_central,3,99
id01221,2d2fa8a5360b1736bc16b959818fa0620226da5a957892359b3809e1823235373c3a56e828089fe4024e046ae4c1cbce3b10a3d77b2de44144dd2ce6874a6199,Spanish,ca,female,fifties,nan,2,5
id00678,f33a9b4b7f7de85b7beb4e242a9b8090843f0960381ce767720e968be7cd71c5c6cf9abbeae602d83d02510e445794930199a4e4e195d3b19f4f44d7bed4747d,Spanish,ca,female,twenties,ca_central,3,19
id00979,c0d6452fdf165f4aae5c83f6c3ae0f8867bff38fe7e5d13f034f64971adbc39fbbf0bc17f6e8b6c033eb4f445149e96bf03d719f3186aa9431192149ad7fe4d4,Spanish,ca,female,thirties,ca_valencian,3,10
id00364,1599fbc1e7f5290edc7880c9111110a628c72c3e71cd57656621fca66b5bb7d1be8df26b6c6436312b00bf2a523b9d739287413dcc676251f5191fe96edeff5d,Spanish,ca,female,fourties,ca_central,3,51
id01040,0923836fc06f96806f6565de565d7cf06a4f7d3bdc877687b508d314a5af7c53fd92b3be7996c23f5ff8ebb2fb8ba664c1b95bec9fe9a53ecf359be95eef3beb,Spanish,ca,female,fourties,ca_central,3,9
id00077,160bb353e2712ce2bad27cb14b21bf6cc4dd087a45ae0e8411c497b0c925d5639088dce40254e4ca2b0745c865bff5072e52ba2f34c87c1f2d1726562c13a47f,Spanish,ca,female,thirties,ca_central,3,291
id00870,c2d42c0f19ad766ac5419dd1eaf21507cc0e177b42f06b7c27acc6c2d9490ac3efdaf59d2b9aadaa583ca19fdca41cb50f87dbb0be658302121fc2cfd5647f3a,Spanish,ca,female,sixties,ca_central,3,10
id00497,3fa65c20821caded3f0cce52b376f237a4907bf135efbcb676e7679cc5218a1cc16e98f8cfbad61be9112ea4386993ac9cdc4897b8fc7861605049844590de22,Spanish,ca,female,fifties,ca_central,3,30
id00794,23f83136fc6531e20c5137554de00601700edaf34cbb591c8ca76f046a9ca42e8c7d9c7a9cd38750eb7e241edbc5e24cbfdd7e3f2f3b7608324f0a0da4779324,Spanish,ca,female,thirties,ca_central,3,15
id00350,0c7a728da378ca2a49c191b70fae316d0e30bd59c46f1e482e724b329d0446680f0b6008d449bc152ec60efb88ee85447a9c1c616ebd46c33e415614db1443a1,Spanish,ba,female,fourties,ba_erdialdekoa_nafarra,3,54
id01076,1d7515001e3544c6fc9fd8473cfdae6337371f4e575e861a649c7c94dcbe0852de6fe8cd2c8004e2662ffd05e065c40ef18fd504011aebf03353b5044bed10c8,Spanish,ca,female,fourties,ca_central,3,8
id00351,220cdd25c69b19453a29608c95583b2ffb06f40e6ecdc2728288224ca0db9aaf59830b5b932b7a1c53328dd52d4526e7c233cd3c3ec7bb33cae56e952289cb9b,Spanish,ca,female,thirties,ca_central,3,54
id00850,029bfa8809550d790becadd64e4e6bbfbd745d02e28b80a20b2fd5b8daae30e57b8491f0d9c496e97ef4315f14cd219cb8a8de18a6baf7944862dae56b887fe9,Spanish,ba,female,twenties,ba_mendebalekoa,3,12
id00783,3a86515294b9c779fe9d1c162e7fa84c961e6ff80c9e51cd5342f3cff1d3820f5d6b43bf6f6e700a1e6ef67424b1cc38d1df4e35ba3822846c9eb73789a7ccdd,Spanish,ba,female,thirties,ba_mendebalekoa,3,15
id00308,e86c78ea73772fe8d20e9d1a4074714f333393e10a5666e8ad8a0c9cd4a48ef17ecc7447dc10d987e67f93d1708dffaf20f0798c616b9a2353d39afa97c4cb2e,Spanish,ca,female,fourties,ca_central,3,65
id00997,8e20211dd317e9580d8daccbeb4bb583834562062396c47907a51975bab70d19e895e39efc5bc386e01b7e1c3f4854cdf9fa5e92be94802866b494b5bedd1cc0,Spanish,ca,female,fourties,ca_central,3,9
id00245,25346e4b60c12799a2fda8607eaf0ce635105da59063fb42326b03136cec358e0f8bf80aee9eb86cbd2c598cbd36a4ab5fdbd773e33635cdcb866c19d616c8ab,Spanish,ca,female,fourties,ca_central,3,92
id00346,712c47cfb92f1bdce067ec6557da957353e8e8db6bf55a7df0803c1d108a02cc1f84c1e07c7a58d3b638c5f9e37a5eee2c398a2508e0d9c03e5566da9d7e03a2,Spanish,ca,female,fifties,ca_central,3,54
id00600,14c70090a2cf5f0979b638aa117239841395f58477b46b91e6fc60a88d23005b467ed34729e393984b36b52f7af9e907deba07db12b0a76f4e44c9e53be3f17d,Spanish,es,female,twenties,nan,2,23
id00863,073e2c86a1d70ee2de9f6e883e529a5fb31d7d10517ee7498d0bbc13ddbdd2a276f18778fd9de941dc4854e4af65ad76a370ae2477ca79782073acd2491b9963,Spanish,"es,ca",female,twenties,nan,2,11
id00249,4e7a1b4e7671db4defbcdbcab57565634a363aca58b023e24afabdbf307c87f902500233cf45909106618337eb60b317eab49002dc73f092d176003920d37d9d,Spanish,ba,female,fourties,ba_mendebalekoa,3,91
id01255,743643b245b111422f0c71dde0d74a73ace81b1eadaa7a233f0b2ebf09adfa27d7a2172e612c0854f96184d30610e920d2d93d3b75855bf72c1a3cf6163e4f57,Spanish,ca,female,fifties,ca_central,3,5
id00306,9101de4fc8c05e16c7f9265bccc78c437075e6a8f1d9e13415948665ab161453c48416962225bb9a806a7937f4a78721cafcd32dd8522578259742768b11431b,Spanish,ba,female,fifties,ba_mendebalekoa,3,66
id00447,c8292cefe619d9bb3a438e166e4c3723389a41f7262f208f36d71ef2cecb89aa5ea699af312a1933fc35a5e690903de257fce55a4979f524903a2cfbce204699,Spanish,ca,female,fourties,ca_central,3,35
id00502,0d20e118ac3b20bf1d717c767749f79dbb1866d32e991b763d89d17834ce82e8d5e58327aa49a05ae46ba25f7f874aa4d3d1d6a3258bfa6f3a01c13f57d64e47,Spanish,ca,female,fifties,ca_northwestern,3,29
id00619,2dbacf0594c509fe76ba559f572b119cf60c8decc052fb97fa0e57990e5de33fdecaef9d2b68971c2fef072db095e85d2d369483f4fcb4d936dd2dd1a1310ff3,Spanish,ca,female,fourties,ca_central,3,20
id00846,16c3ee4637da22ff90cc5acec1697c497d4c9b029704418d59135f5bb1ad61ad0b300c1be04595856fbfba05d47118600a9a68e73c48d033e744c9bd35c0f962,Spanish,ba,female,twenties,nan,2,12
id01343,2906fe613e92650cc8a2138f00bc9431d38d9261c0882ee9246b963e459c8cf0b2392936e431cac18ac746001e922fdf1882e25389ee9810fe6a78fb0271caf2,Spanish,ba,female,thirties,ba_mendebalekoa,3,4
id00959,3ac09bfd65954a4f9e1666201ac75030827ed37ad203bd54b8bfc8ff148c3893ce7efbaf51a89877071add150a26eaabb3777d4aa294e3ba88b6f1344c025b9b,Spanish,es,female,thirties,es_andino,3,10
id00826,a1c5d0e5cdb87ee05ccd59460e3f54b26c1021f0724d2a704e582b11efc7f134efd2522be68ee47e1cb096927a0a14fc735dd9fa9447023c8a0bfc1bf40dea95,Spanish,ca,female,twenties,ca_central,3,14
id01086,d59f51fe62de336f21364592d33d5b8bfa7c15a54cae98f04ca344768421e497ce94ab3bdd06b2fd31217d3264890093ecabc4e5f917301833d00df31354f45a,Spanish,ca,female,thirties,ca_central,3,8
id01327,1be13b90083687790abfae6da9cfd0d04c8c3c81babba43052f6669c1bdf295a4b9d9153ddce373cc5258b946de1b95cd4e22922ad9bfac9820cae31fdb6cd5c,Spanish,ca,female,fourties,ca_central,3,4
id00313,8956229d2c3fe14127f0adb628e4ae7088b97535979bcffa06428393be4b33479a5bc4a8a5eae00b6b389578e679638b6b154023f22b75404eaa272470fac57f,Spanish,ba,female,thirties,ba_erdialdekoa_nafarra,3,63
id01298,c171600ba584c384054e43a9ff3ad7fe80abe671769d7a954ae7be76b42f067ceaf91c38aa60fbf4717131b7abc61bac79f24472a61ba5fec663051c475d9c17,Spanish,ca,female,fourties,ca_central,3,4
id00563,15d3acc785563a9927d5e0857792967b8c345060d6c23fa9a2043169acdf0fca4482203681a57be5e9f8e2ee69d4d26b8bee7e9b27129c0f402d0841d7fbfb4d,Spanish,ca,female,fifties,ca_central,3,25
id01154,8b5bc9e089c8282ec15c16398b162614e2b87017cf90d4789f57c3246c2d3c2f0cef7b922a9aeef7a39ec2406e0832d36cbc41dfa28a629ab0c9043ae9c69120,Spanish,ca,female,thirties,ca_other,3,5
id00550,fca29ceb6ff82e7838f115792e22e2d8198eadfe4929fcb6d392caf9bd2e1ebc399329d7c379d5bf87e956a6fae07cc36141a48988bdca89d59eccf7eafe2e61,Spanish,ca,female,twenties,ca_central,3,25
id00320,e3336e2051f8ab0240763ede9fbcaa23b1212cabdded3518df78d375c32b76ba84d3c56d62160f79cae9ce3a7b092d3eb0afc8bf9853be1c4d0c109cf9847b6e,Spanish,ba,female,twenties,nan,2,62
id01156,67e5208bc72d2ddb1ce1ddc750a14b78a2cdd284cca68960b1fc9e81e235e309c04e085ca72b0b5beae8c422eeb2becfe7a8ae57c577f407becf8ecf67daa017,Spanish,ca,female,sixties,ca_central,3,5
id00786,9ae01038e087d99e950b85c2e500629411fe50254c7dc2a92d01ab28a4149224e22e46a0ec52df015928bb1dbbeb110e2ec3302e450de51f8c6c5169284d5e90,Spanish,ca,female,thirties,ca_other,3,15
id01198,2e61b71bd18855af267cf02470ab447ea119ffe7a00421b3e8e1ec90ef40639e206fcf353e3ea9a59fd8791f46d5dc64ab30a098b774779cb401e7721c69e36d,Spanish,ca,female,fourties,ca_central,3,5
id01032,ae967e18f5b533dbe1b56323b7fd53f999ef622324a1cbf15f0ee16cf2994f7bcbe3850702951644af4a7064b567a5a4d211e9ea81d90d0f86ec9173c7aa940e,Spanish,ca,female,fifties,ca_central,3,9
id01137,532669c34b032a586f9332620e0e1ce207e598061fe0ddf7953b254bff67289a272541ab88d53f9b315fa122e5fd5aed75ab63b7bc91315522adc823d96b30a4,Spanish,ca,female,twenties,ca_central,3,5
id00964,375d24b304ba873ff525c15a44fb91d531ed02d3a3ee985325bfa094bfa6e80772d4b6b6c56d411748cfe5a43dfb21ad37055e06e58203a3af72992bf5751a46,Spanish,ca,female,fourties,ca_other,3,10
id00796,774c37870cf1a6d800d3a2e1e034239c8cbca25928c8400818fbdd816838c008118c38be54af3ffa70c3d64acef6d44ff7cf22998f3686bc46937d2714c0bc27,Spanish,ca,female,fourties,ca_central,3,15
id00781,749173815ecf069a8ca726449e67dd33c18277914483f0d4f53f716e0706da93987234c348e37c4970b0ce3644d2e3eab68fb95c97207141fd10c2dce1596c18,Spanish,ca,female,fifties,ca_northwestern,3,15
id00993,34227d4f789cf554fd1603824f372a23ecf2c69706c14a1f84a1903f20c88d6c84274c34f7f1a14b636237da23dde54c4d7266f0ab785bd65c1edf3c178d9163,Spanish,ca,female,fifties,ca_central,3,10
id00941,35b449f51dc6868143e97da378a5841c7eb9bd10a397fecfbbc6a358f02fb9c3174366228625a9d1d5420b42fff25183f0ea31d582ab51ec75b96d1d3506eff7,Spanish,ca,female,fifties,ca_central,3,10
id00285,6378940f11188cad5c03702bb2b63dfd301c26009d4be47f052fb0c874b39c0e0e200ca5af7a63b5834163cca3863ee16fb9bff4e9ef9b97aa8bf7be2fcb86e6,Spanish,ca,female,twenties,ca_central,3,74
id00433,3329211b31133e474bbae7279985dcfea56165353ef18771a73072d3b9a4b4a372979744bb43e04284a3053e6a267c918646dbe44debd9711a60cb7ba8473440,Spanish,ca,female,fourties,ca_central,3,38
id00851,7a2117185f3f8a9c9f1f72359239bd44a7f4e9cf02dfd3964c6cc49a406ac31f84185666e06e286da75a4edce93cc98562bcec9be442c608b41421695611b66e,Spanish,ca,female,thirties,ca_valencian,3,12
id01112,56b91cd205beb2a79ec088d65d5a7e0c467ecdf19ba56f6f8f472346f7ee0b918c0d17e6e11a709b97ed730ce5034536fb1961867444e1d2a5555334bba1472b,Spanish,ca,female,twenties,ca_central,3,7
id00907,f0a374fa67980b688d90d311ce8e3d8311d6b711fd4cd01db9b5ca791774e3b1ff9705945ff7ef59f68f90b93c726713f6aba27a2ed75bc57b29fc71aeed914b,Spanish,ca,female,fifties,ca_central,3,10
id01352,2791990e3904c818452af9994c7a9cacac5a2c82ce3a08f5de3df4606c43b4df2857ec7e0a6362e6f7c934b4bed7e3f5af5d775742512850c4627364cd264cce,Spanish,ca,female,fifties,ca_central,3,4
id00977,e464ddb58b70560c86ae64e132cb17bd510c35077a5ce00dcd4a865f803bacdfa526b6de5be678855eea711fb4d3eadd0558f9210d758e5d60b717945328155b,Spanish,ca,female,fourties,ca_central,3,10
id00584,0408d549a4396381a20879c86edddadb5c3ff2b9369cda27ce26a202231fc0b632284147211cbd8bbc979abe35d3c3159c3a55d6028d8e54d1f8eb89c683246c,Spanish,ca,female,fifties,ca_central,3,24
id01237,589b94147d1d8b40d255cb05e870f708f69690cdbd960f4e54b2a6d44a7e6f86cb00ddb971d8cc46e42a5f12b6476a69e7916d0547c0a6cf3c72848d7d9a27bc,Spanish,es,female,twenties,nan,2,5
id00867,57811d90246cd1c456bda5d2827691fa7be7eaa75a373c7020dd86b2d216adac8539a32202ccfb3f2444e1064a6d650960fc1ed4179a2c1cdaf624aaab3b9f85,Spanish,ca,female,twenties,ca_central,3,11
id00400,324a5ce08ad910bc3bea8721d878d82a6a2ac927acc610da267eb66e6b1eb78c38abb341c7ff447e728159388c7c61661f389be7a4ec007adf26df3d750dc68b,Spanish,ca,female,fifties,ca_central,3,44
id00333,d08fb1ae0ebeb000b53b8a4bf101484b2dfd2b6041cc43e99670b5a0c0ddeb05f6f63c4bbf9f90957186a9c266005cc9c5aa8a6592c3eff0dba25895d2d76784,Spanish,"es,ba",female,fifties,nan,2,58
id00494,039a4da44426ed73d91a6148fa81cece1df3641f884966e8a0d53b421599e877160082ce95fd7ee8346d654c0c1e8cbe01a36a5f680ea75c91d956d39873c8fb,Spanish,ca,female,fifties,ca_central,3,30
id00652,b7674301dcaf2795b9a8b084d18b2f124051917189b3f13c29e03ee3db57b0d39234f2320eabefb1ba682bbdee9dabaccfb765d84b768f4ba984d596cc149b67,Spanish,ba,female,fourties,ba_erdialdekoa_nafarra,3,20
id00583,0fc3a90675a43d39d6fdeb44285fe7c8e0e832a401e7ea43f04ba941b90d1a91f621d9c432f11e3e174205fd984f8e924410b2d8e5b53fcb91eebe78138a3e11,Spanish,ca,female,fifties,ca_central,3,24
id00292,8f97e8a5220a7c8350570fed6f30532edc678beee0a9970bb3132993ad3e6e68b63325a9079beedd0b5333264406ac153919101c992acc987d65e499ae2cb243,Spanish,ca,female,fifties,ca_northwestern,3,72
id00303,cb7ecb7df7bb57367c7349711fb2b81ec0c198773560c51465cebb6aca7008ea18eafa08c248a19db49645eedd749b8a128857f9627edb72eea660d57981dc64,Spanish,ba,female,twenties,ba_erdialdekoa_nafarra,3,67
id00953,a21e96017b2178eceef339ba0d3f849ead551517c3dba176726bbc16759f11a0fa95eaf6abf731a621fa43c820a97943ac48bda395961df8f3f0a348a39254ce,Spanish,ca,female,fifties,ca_central,3,10
id00565,5804dd0eba5168bdc8d2177031cfb6aca7817df0ff13170d8f5ae599ba8d3823974dde8515b3cd83555391573ef587722ec6d0bc1da57105ff23d85d6c71a687,Spanish,ca,female,fifties,ca_central,3,25
id01099,71422a35a9fa17eb6f4d8852244eca4170770299845950ad780dce54c9d0f590edbe610fcae75b68201b6277df5c6e4f761e1b616f49e7e92398299bc6031b5e,Spanish,es,female,fifties,es_nortepeninsular,3,8
id00922,7341af650f9a583426411734a452f4a08433ebb943e578f62f4397540570e8aa1d71b86b7c4bf3eb93c9db5b7f48aab73f0f4b8fbf417683862e3c66b16f5d61,Spanish,ca,female,fifties,ca_central,3,10
id00317,2fb86f64fe9e1f876a1f2a673111ec62885ec89d4d10db0c7f3457aa0b6922da6bfd2b1652b4844971a86fcdbc7a26711139b2c102cb87984402868968691ab3,Spanish,ca,female,fifties,ca_central,3,62
id00752,97a43028bea58c10e348ec4ece646a9106dc5f2527d37ef7ece7d13d424b2d6a8bc9799800d81ad15e74b094ddf60f03074755e732580946d4d4b546d9bd90a6,Spanish,ca,female,fourties,ca_central,3,15
id01181,d93354dd534583770d15bc0d344e4568413a46bc72b896be3efe59b1a35ae6c0acf01a7edbc780f474a81125c0ce14a9dea50e9637bc48b86df0a16d0f331321,Spanish,ca,female,fifties,ca_northwestern,3,5
id00266,696e8808717101399ab7ff16382db411adfadcd60c6a525539b0f8f88d84b448662fbca212b175379ff78ce7b2e64aa4b4e96d1820ade8eb2f742295f744db7c,Spanish,ca,female,fifties,ca_central,3,81
id01000,aac3242b46815d0a6ad19496d90c2bb0c89932dacccd0ac6a2251b325c7c40a6934e2685d176b7f76062a6cc50a3a34a271450ba49131d0a0f59e4c6250d73e2,Spanish,ca,female,sixties,ca_central,3,9
id00887,b1ad4308e9e044814884d2470f4731003aabddbba88aa02eee1adab40c1950e9e929f5df1a3bef4e47fbceb80bba7aa925f86015f0d665e789717c397c840357,Spanish,es,female,fourties,nan,2,10
id00326,a225e133faf2addd1c1c70bcb5a834c2d438f495f6f7a23e6bbc637c457963fbda1489cf94199543c5b6927034e9761b59e86a8422913f01184947b4b281119e,Spanish,ca,female,fifties,ca_central,3,59
id00985,5fdbd87a6d0ae36e2d1725d722dd8eb0b5598f0d2bd30fd4b5dea939e5080ed4d0fa35c7eba52f6ee42f789a2fe21080e8b2372ce34c3f1ce286758f626f2fba,Spanish,ca,female,fourties,ca_central,3,10
id00098,0d556dd0b125a8fe75a44208794dc3b6f02dc41d143a112c8c971891d7bb14ff92b7193476660e3c7a13bf5327988f426ffb817d6f56226dd0800d01351a511a,Spanish,ba,female,twenties,ba_erdialdekoa_nafarra,3,231
id01278,0e925801b57e9869effe3d0b6ce2fe5c895fe787750f040aab08d545df3662540d936e6c48e451260a7b33935012fb8f20a210cfcc72f00f57a34aa2cd1727cc,Spanish,ca,female,sixties,ca_central,3,5
id00168,cb314f70a5f16bebd496ab770f759e3f34682708708cfc6fc4cf1694775e54fbba8f6fde5ec89be0e6cc74591c21138fe77bffef059ad1f60a26f5ec0bd9bc64,Spanish,es,female,fourties,es_nortepeninsular,3,144
id00750,1581cb583fde60bf7fd719fdd3a756208779d858946712e136d25eab588d0b381b4ec6ba4f37d72e14e7b2d19637ff47e7eb227dcf26692b13c9875caa594d7c,Spanish,"es,ba",female,teens,nan,2,15
id00222,0b436ee8ed7ec3f70b0ba472845a08a34e59a75fad556ab39cc54a2a1738b7cbef3eec316463d70b928597696d9c93eb9d05e03f127552800d5989e7b582a2be,Spanish,ca,female,fourties,ca_central,3,106
id00608,9fae5e17e0717e89e5782cf9c139e6d6f3ea14e0e9a733d3347853263ba3b8b7f21f19ae15c4caaa051642c5d7deaccd681ba4dd057ad391aa039ce66030b5c1,Spanish,ca,female,teens,ca_central,3,22
id00460,909b45658aa88f858b73701b5ef584e2284391c38e05db2cd131fa10940055e4db2824d1900165956f8da4ec67656abda8048123a49e3f4d15245236d6698b2f,Spanish,ca,female,fifties,ca_central,3,33
id01053,c1d2d2ee9bdee5ef32203dfd35cf330a6a24d94cb4b1abfe992e085cd67fe01d73dfb4bc313e7d70fac30d7ee48ecb4fbf7e09b427dcc3db52dde8abec5de6b5,Spanish,ca,female,fourties,ca_central,3,9
id00386,b2f72b16cbe3a0946370e2e22a8bde616af6bb9303cf02b516336671d42af30779a60f3210f80ee7e6f292075a661d31c882c0d4e789db2fc3d5d00b7ba61b99,Spanish,ca,female,thirties,ca_central,3,47
id00029,dbe9efadf636bdd82f3ac2b3710653421e7cefca01b74012824b73f7368469fc4dd7e788b047920d4b3b7e4a486c732872ca11a75a89d1323337191ac2bc899e,Spanish,ca,female,fourties,ca_central,3,576
id00072,6e00f8454575dca5fc639ace0d8635460abe0633d09339ba15d174a367936b9fd6283aeeb3e7d32f3f04cfb597fa3082be409836bda7442481ed8d1f621162ed,Spanish,ba,female,twenties,ba_erdialdekoa_nafarra,3,308
id00057,aa5e0e7696c2d8e48a4c384affa86d228651e6b2616549e3726a225ade2a4f0b6752495730ff21804ff8d67f0dc053f3c9ef4e255cb6f423b37658bfd518ab2f,Spanish,ba,female,twenties,ba_erdialdekoa_nafarra,3,366
id00413,db8772287a913a1e84d974c0885a60c204dfa1668c9899f0684557d9ba19eeee7d400ec3a7847bd115a0bde9759f1e515333c0cf744ed5d18cdca9a261a7272b,Spanish,ba,female,fourties,ba_erdialdekoa_nafarra,3,41
id00345,671ddcdb0e989037afbd8cd507782d510dab9c57433d61160dfd87588fdacd8ebc472e3ec7022862ececd9c253d3dd613a97d1a0b941f8d450b52b7d46128cda,Spanish,ca,female,thirties,ca_central,3,54
id01089,081c905124fa92f06868dfc864c5a671246174e6ca80048aadd95937fd14b9fbc76870bb6c03fc589f92ff778416c29d8ea784b711e54a07cb248e6953588185,Spanish,ca,female,fourties,ca_northwestern,3,8
id00934,7fa676bccf12d8da853959af60a256fbeace9dd19ad6ad3a5a2d6f1e4fdb18cb3f66dcd80bb1086b3745be1ea3b8be7fc9e77d8ad9a5d6080f2bf3be900fee6c,Spanish,ca,female,thirties,ca_valencian,3,10
id00556,8763af8324a4dc63fe7e403f01f2847d99fe9007c1d8014d45d964600238203aafc78eacc8d35ec8c949507e55588a4562c9886e78431538a6629981d40ef0c3,Spanish,ca,female,thirties,ca_valencian,3,25
id00242,25052c23ceb8f59465326ba06743792b75920c5b0b722020d721a2ec98a605c5e61dd207de235b5571366d12eeb876945ddc32ebcb528a7ef81a900409ba52e9,Spanish,ca,female,fifties,ca_central,3,94
id00119,de9d5c68135c2b2b1ca4a66fabdfcae8e379ab1f097bdd439f5bd5e7b06eb096505b62fa3d5bcaf6245041c76788d3a355e67ff41094fa9f386fe6d7ba9de930,Spanish,ba,female,twenties,ba_mendebalekoa,3,195
id00604,fa06227609a1d01e556e57fbe5aabf0fd57aa0eac11afa26bdea2ee160a6d94f98891192af1f59685b49f0a48747d71f6e12817acb8230dd71a0d375996d363d,Spanish,ca,female,fourties,ca_central,3,22
id01002,de632c9ebb7428727e5c85dbd6859107a3a8fc9303bca490dbfc6659086721519bf2b61b8b6c5e83f5dfa7e440f0efa5c9d40d8519c2329a736006dccf1c1340,Spanish,ca,female,thirties,ca_central,3,9
id00930,7c873032e3be8bdc5200f425145933380a6b6dc70e31f8ce7f56851dfe6177871edc312f3325624a01ea9b0a844b015ddaa4125084bfb3129e5857f6d9e84fa4,Spanish,ca,female,fifties,ca_central,3,10
id01035,b46c103cc473895ae4c5a2b417c672ade874fe587c19d9dfac83f4b519e8592f0d53a5b464b72bebfe24de755b8eb24ffd02bbee5d36da1a7c17a8bdbc90ae15,Spanish,ca,female,fourties,ca_central,3,9
id00432,6887289bac06de4d391ad25ea02240f2ba5de211d69a3fa4302a3a284734f87755325464df178af3f79484b7c453600d312db1ba01c205d15cfdbc24778a3fc0,Spanish,ca,female,fifties,ca_central,3,38
id00088,be24b3d821f3a7460809eec1aa017fb76a7fd5eb0094a713a033a1ba718432edd04cc1deaf8c548032e386710d34cf527e51a4daebb018e93b09aba65d6952ab,Spanish,ca,female,fifties,ca_central,3,249
id01207,eb6b7a76f59ebcce7fe63f3648c4bf70782a78eb12f0cadf65314711eba441aad027fb8de80b2a56c4d7bd199472d01efaaf527481ec75e9a903b842d8e1cb07,Spanish,ca,female,fifties,ca_central,3,5
id01065,8b9397267742d52ce21328f5d535e09cda331251fa648ff7da91a74244e685afd86b25412e86065432d555ff743f6153622114d4176ab9abf9d462a30ade9933,Spanish,ca,female,sixties,ca_central,3,9
id00516,97b98c7b76c516e9cbd04201735ec01456b87e25368d78dae41b8a98b1b49be9b1cd6bc84a30648db19d1ba366656380a62afb33225f710ddd801dce1d20f876,Spanish,ca,female,fourties,ca_central,3,29
id00746,314c19b630d92a27726dcdd58493e88aa12a29a646ced464d7f5c7cdc39cdeb0a47c2ef274af7fa009d65a570c1b387561e9adca806250a8acab2be26bba107b,Spanish,ca,female,fifties,ca_central,3,15
id00946,7ad8e034640f3696538c3d924f877f43f49927138365d90ddc06c955581eee33658d489f94b1e29e1b56cd6e962660a9e68161ab729238065390a4d9b6e95478,Spanish,ca,female,twenties,ca_central,3,10
id00644,5a1af86a44f082834ab4c151bf07f3285ab3a53b07ca14422148c91d86f213068effef69eb8ba7e843bf93abf5e1a3e7c0d40375efa5a30b64b1bee9fcf420e2,Spanish,ca,female,fifties,ca_central,3,20
id01134,67c9d91a914ad4f56f4395b2dbed26413e345f9e3d98dfea0fccebe9c2b9f3ae12ba09a369d6afbf34540b89c376ea7e9ce44bdca04693985c562bf456283887,Spanish,ca,female,thirties,ca_central,3,5
id00009,88673d4f24d039e89c15d9ede6b653e41e42ca8bd7a8cb7e92a4f235e9b56cbad6200f8dc313c644e9a7d8d1dbc2b7e988da93bc0765499701bca6bc86d8fe3d,Spanish,ca,female,fifties,ca_central,3,1641
id00650,0c288a437d83909b55b692230ffff082f7f3a2677f11d6b7e54e07998aa470c3271d9cb47fea8d300659a4a5bfdce44ee6fcd12490aa564c6a4ae0680686ac6b,Spanish,ca,female,twenties,ca_central,3,20
id01369,fa46c67b3317069aef855b9f90d651915355c4954514b662cd74edf6a65f2342c0e86a8b7419dc21fe224870ac4048372c2a2b0aadf49d6c02655fc0794a51d2,Spanish,ca,female,sixties,ca_central,3,3
id00253,bdd1b47ce29b646516e4a4b340094feab0e8930daf97cd937e184a420467c48bedc28154d825fd129693106087716f82df9b17ffa34e516c4165724dc12cbca3,Spanish,ca,female,twenties,ca_northwestern,3,90
id00572,2d45dcb4b1a25c20781a96571c4782df0775e8f1527372caead4366da292f55f95c6adc1f5d885ebba36762db4ca3d20d8b31bba0228948b156568be84d9179a,Spanish,ca,female,seventies,ca_central,3,24
id01182,53a5d9f6e7e421124d52ba5b45952fcc64068bf272f96067d769266dbd9a34b7dbd651474be98a4a4c0b5a84b310cf5467cd17e9404343d2a866ab23e8a6abc8,Spanish,ca,female,twenties,ca_central,3,5
id00534,b2baf15df3f0b4de8923b33fb0dc43889f2389239dd7c0c0602f614467f054d26a6caba3f663b6abe4a4b2d1a5ae55d64a584f1a87742006eddba793066587fb,Spanish,ca,female,fifties,ca_central,3,27
id01163,94acecf7a145b6676ca0c97553e6dca1dcf93a8a5e84184e7b05f7526a963fc6c7154d355122b72651bb09fcd0de750c34e411877a5c368c647e850cdcba071c,Spanish,es,female,twenties,es_mexicano,3,5
id00415,794389404587b445babb894e32105ea1f8a71be67ac07818775e2e8abdcec1be6384c208b24e03575ff1fabc6ed6551a6261d2a5343de5c4158e13c9ba25a952,Spanish,es,female,teens,es_surpeninsular,3,40
id00250,b815b779ed9c5a88b07b599012e897c4f93587dd6a5b468f6a0cab1fa02d378680806481f687498375437211d779b1cd4fc0d50ffbffb418a66fe05f5197e229,Spanish,ba,female,twenties,ba_mendebalekoa,3,91
id00773,2ab49f2219b836fc31a9148fb438f79e35e74b6b16b72c8b44edb5b13815ec94585682ee760aed31b65637165b2587c6fe168e3d49b1413d5372ed36504d8f8a,Spanish,ca,female,fifties,ca_central,3,15
id00537,e3f045d14de39a83aab5c3774581c51ebf8d7ace8efad70b45821db737422150105d6889924e5f0dffa18b827f8af8b11e62944bb51da580164ff5ad55ef185d,Spanish,ca,female,fifties,ca_central,3,27
id00159,48c757a1b100d35155ddd6f44509aae1affed4df772508965c4cf147ad09f8ca9628fbb7017d820080f22c49082024645daf840380044159d6b6a3790d2e9b41,Spanish,ca,female,fourties,ca_central,3,150
id00107,d5791ef1f34ef588b7f56cfeabf9d9a1d5a2213dd962aac36cc7ba2f077799ef8e59f2491fa845817ccf36540a348bb625488b9267035c5430464e0950196f1d,Spanish,es,female,fourties,es_rioplatense,3,211
id00067,9512716162bfe7fa61f4677fd06c1bb438cb4579f4ab55112c61c70a54b0eea64dc6f4cdc961ca333ac04d90494e93d6e28ff3d8f3950d7ee13159e005707b3c,Spanish,ca,female,twenties,ca_central,3,327
id00683,8ef8e1203dd57f716dec8b7f5f721b3e8d027b77c179bdc84f2c832f297bbe878dc7eb7eae95c1de9489d0ba4647723dd7ef72ed1337c4fc8432d7e3da848a06,Spanish,es,female,fifties,es_americacentral,3,19
id00872,343e1b7d722ceffbe154993997bd7cdbb6a9aa306233e8260d83be5b6c099841a25af3084bf5b3c017f08d968317ad88f9ad1ee4a1480264ea89dafdc74a6064,Spanish,ba,female,fifties,ba_mendebalekoa,3,10
id00499,1fee35efe5b6bbffcbff1a2d85f29b5c7a47c0a98522f5fe9f3e927dfea975eac0cfea5c913e3ad4bb7779a81e5a9f5785040bb7509358b51104b91d35029d77,Spanish,ca,female,fourties,ca_central,3,30
id01236,8e1c2f2b7cc5b2a1aa96b6be26cefc201a82696e30f39dd9b311739aa11a3262aab1f0c28c0d516c7e94d9d0c1c2b42647ccb2ac2ee5fb5d0eb696906786ea13,Spanish,ca,female,thirties,ca_central,3,5
id00056,b6b7dda5c0941212d33e36c4ccaf61ed794cdf7b4b5004502713e97856615d76c7f1a44de6272ff734423b657f4c9e36c297479ca09b7a85f12700f25801fcc8,Spanish,ca,female,fourties,ca_central,3,384
id01068,d04910843e6dfbe0580832b9a440e88c36823c18b55e5f93ef1870815f7bd5225731702cf40f3e950bff1e5c221c6d84521c4e0a1e5dd9e05f9eac552fc522c6,Spanish,ca,female,fifties,ca_central,3,9
id00579,7948c1c06e8de08eb68e3453d1c2727875699b12e13e78fd6e259d4e11a733ee72a1997bb4cc8f7eaef96a014da6bce7f544c08d4b3246e41e9bdc36c2709732,Spanish,ca,female,fifties,ca_central,3,24
id00655,2ec2323ce6cefa0c9426ecdeff657f216ec49877dbfa594ef0a944b6b156bde81862f18e51b336e3049b662c06f69fadb23923646f17368e0d3cc1ae2c81a20e,Spanish,ca,female,fifties,ca_central,3,20
id00988,6d9942e0339489b7680ee14b2d2a8fb3daf1d1e20c2377c7297687d6502f93b2ea52682a3d5ebd289377c0486b2973078e771e3619a4748783c9ec890787387d,Spanish,ba,female,fifties,ba_erdialdekoa_nafarra,3,10
id00761,2de41d51d0341202cbaef3bd700380da1cfceb4d4f869c410b797297cd8be9e5b6261964e00933a124b29d5a6ae08092954caac32a55897c7f2e391d4dbf7b0d,Spanish,ca,female,teens,ca_central,3,15
id00398,b63a726e549bf804864d6b8667549b38def68e0c6ab2afc963930019d386713f3d4a923721e2a0b27ff6fb393531a4ba7c1ece808c004b72ad29fad265030bfd,Spanish,ca,female,thirties,ca_central,3,45
id01169,955afa1ec13c893b9c6d1e6cb453b85628374aa4db1375dbb747fd06d46964e51b844cbd9a269e16c8303c0db0ffec1a6491b5cec31e05947dc3e5c3084ec7bc,Spanish,ca,female,sixties,ca_central,3,5
id00335,585542f801479ece0bd07edf4d8d358fe0bfaa9bea7424e20284b59c54ab94a83aebfe4146626444e70b2d009d28e71e1e974fca0afbcecc79720a5d92e3631c,Spanish,ca,female,fourties,ca_central,3,57
id00162,666d8a75b930da2206db122b9d213c565802c88080a92d1d4c31581ebc51c3c7e8df6c7e8c448e3ed85b88c2e5aaf23eb3a58c7e14d82dce0f7ae66b0ca65431,Spanish,"es,ca",female,fifties,nan,2,148
id00332,26aeef0dc612df11a11c5a171c8fb3bbe37d776fa2c9f5ca4183636e62a30bbfbae0105309c0d66d3a07dbaf6207d7aef66bf7d4ef5368aae987f0727c6aac12,Spanish,ca,female,thirties,ca_central,3,58
id00318,48277d712cdb39c8de46c52d2df53f5e148090835d5e9856c38b70d73742a014bafef7e1cdae33b2ebeed414a388a2787100c78328a0f6202cb7c2c342648bea,Spanish,ca,female,fifties,ca_central,3,62
id01336,b79063788ad1bfc6eb2ef5128aa87fa1d791a057b5308b10521e8a387aaa4af5d0b87f675fcabdf99357f0c70a5327c67e6bafb1ea369e51b8af053c483bf409,Spanish,ca,female,fifties,ca_other,3,4
id00018,f2f359ea473c07070fd1e50d2fcfe3dc4f624f01678c35920b079660b2d5b9c1743259ae6129992cd3b99ec2cdda94a45e8710888488b196c6cd9c853e86e454,Spanish,ca,female,sixties,ca_central,3,964
id00871,7fb32fc65d8a4046e533113de2d8fd82e2a7574e5fb03973845c78bfebad0dc5286bc70d071880cb01f5ed50ed04c93240f7691bedcaa2b1cb9d2cfa7876c567,Spanish,ca,female,fourties,ca_central,3,10
id01286,3c4ae99b9454091d3aea6cc3d28956fba3443070613911d60dc6c08b6e1e60e6e3cf3e00d4ab441cd4689eb549f98d9b0ec476bcf58369e00acf7d7081045a4b,Spanish,ca,female,fourties,ca_central,3,5
id00167,978d65f7f95bc435c3b4aa8f31d6eb239cc60268e123436af67238ac6272666f33da126e5cc6387b08e4b784449e6a2b44e7f1323efb8884354706ee1664fe5b,Spanish,ca,female,fifties,ca_central,3,144
id00789,2687f9df81c18402c6ff60f55cb398d99a04dcc5c4008e11b2cfe339683ec5769a93005a8b6281bacb33a64746ed6377efe91fcced5a6333feb241dace78d98c,Spanish,ca,female,twenties,ca_central,3,15
id00035,6892c6ba9f66d0d7aa0445139081dc82a76d9ef8c7bb049a8eaf090f76c06cb4f1db05739038d7e04167569bb6d0fea55fc15343f7c77cd5a3e2d4c5ed068290,Spanish,ca,female,fifties,ca_central,3,505
id00379,9883e41072c3fce1b4d9e11d523a9457c0d9899b8e707105345faaec8c85668bae798a2ff7e22f1991cce1961f157ec0d81f1326f4451fe71994e3801c9e5739,Spanish,ca,female,thirties,ca_central,3,49
id00087,f4d95085d806d445daffd7a2f7c9b7be8be6e5952810c927a32c78a778a3c57f3e1323f8fb77bd0b7f163f26ab4bb0c05b7f108469fdceafa0e48da585611330,Spanish,ca,female,fifties,ca_central,3,250
id00991,9dc16e6f77132e9bdf0545b4232722792031ec49e5efe40ecb3ca4fa7885d908b289071f6188270edac78e466d393af32e64edda3cc520fd50004d14ae73f031,Spanish,ca,female,sixties,ca_valencian,3,10
id01276,0dadb073ca3fa87570992fefb2d83f887fb22f2a9c91a65f5e158357a081ca083f5be9e94c4cbad3957ec7cc5ab7e1523dc5afa5c08b0f7316e884d5a050e41b,Spanish,ca,female,fourties,ca_other,3,5
id01165,fbe889e687d67276e5f85482c6e4ee165df61471c944bdaf5d388e669d478cd8d254a51c8f29b487e6f075902306eb2eea6038fc226cab3f9c5dc04316194a8b,Spanish,ca,female,fourties,ca_other,3,5
id00538,4a17d7cb435235510dec186c9705adaabfaa79ee08b00173d7228680ff4bc1464d1270800a87da2525f1360000609ae773d2a9233a20af9810d2e9d212bef04c,Spanish,ba,female,twenties,ba_erdialdekoa_nafarra,3,26
id01083,21e9238b62b448d4bbb714f8e27afc7c70b51a28016bb247592c36168e958e1cf2a0a47142f24975c40de32c588272495c7cdb6a6db4b46a0e1e497397ea032c,Spanish,es,female,fourties,nan,2,8
id00720,8986d22e74e54069da028984293365481179ea3a07997afde4a352eb191eb4413e12e69db8f4726affa2f84dd45f4c4698d43597a4b5fb7268024868d3e023aa,Spanish,ca,female,fifties,ca_central,3,18
id01201,a31ffc984f7b38dbf34568070f134994bb96326ddf3c370d5a142c6d85ce0fc6fcaf4dd18755111cec43c512517feb06f813086438e715a502559963e8604f69,Spanish,es,female,thirties,es_surpeninsular,3,5
id01183,6f8a359da7791c95527c8882e611cf8e09ec49d4516adbe4e4efe6031fccd6d166c5ffa7ab81bb9e8427cbc63ccec6bbafac9717ad6cbb4092b0748376374dbb,Spanish,ca,female,fourties,ca_balearic,3,5
id00892,d5c3c99df239c75e93eed3330774e5bf89287979f88928a9d769aff775e023270420ff36414ac3815554e31a05d4eebf32d620f64d25e652f23ca832745757f3,Spanish,ba,female,twenties,ba_erdialdekoa_nafarra,3,10
id00592,d2fc33b485d009de0d9697cfdd2579e10144fc26e3370dd5b10bcb660c8b657c541d2f9d9c5504656158e68f263dbb2e4aa0bb8ffdab0134a9e9f72160e94139,Spanish,ca,female,fifties,ca_central,3,23
id00521,f72743c91a49806e60a2a3a309aa0d52f7a70ffa7c4a7fc9991e25ab57671a30dab9a8f44b2e86dd16bb1e936f64ed85879720a9ff71cdc0bca77ff39eb0d637,Spanish,ca,female,twenties,ca_central,3,28
id00533,cf3e9884b9e2bca9c6643d67f0d7ec4f84af44e1848f049e4c8634c4d797df313d2d5ca11c435679245fc70dd5a96a82189b87752e61f1e17c694a3c5c038456,Spanish,ca,female,fifties,ca_central,3,27
id00782,c76df5ca46f0b510d7732fbb8d16759f4c4b2f9a0f3063f2e640d19c5cc0a6ca1c8979c67745f778ad5ea7878e643f7ff247719176f85773cd9dcbaa09b19689,Spanish,ca,female,thirties,ca_central,3,15
id01277,2a9e95dfc99ec3c81ea98284b0b8e135af29be07a3c3f2d9f0d6ab9724c1d23c0614e6edcd61d069cf4412adf38f3aababbd947d9b66f4137873ad248c552994,Spanish,ca,female,sixties,ca_central,3,5
id00637,d90fd1fbd2b4de877457368e6503a523acd7596b13bb692251fbf0b858476d116325072c60c2e1ff8b1192201313726cda3d11bcd08862d2fced94de56a10136,Spanish,ca,female,fourties,ca_central,3,20
id01365,3906ee974f0b120507b8a8d7ee4ece737ee3a67ac138589c51c85da7143477618d906fd3b6bf55b4e90f322ca29b524a5a1fc011f777266ab8bc4b72b43b3162,Spanish,ca,female,thirties,ca_other,3,3
id01273,2295a350f8df7f12d4e79cd5537eea211993d65294b57b1be6281402fefd942bb0ca8c494ede8f2619de6795986f94fe38114aad2eaee65bf8603a518080915e,Spanish,ca,female,fifties,ca_central,3,5
id00795,fe2a4f3b2e7142fbb3118985899ae2cf4b5150c7da4528f7837e2f9a50ecd26f73002f8ee1217ec83ff25d31090fcdbd505e579fa98c6ead098956c24214b6f4,Spanish,ca,female,fifties,ca_northwestern,3,15
id00927,006b832fe174eae98a16054f2ef0b95e9ed7bebfc08c1affab3ec24ed51870470de7f9b4db7e6c95e9d133967871974b4d7923335899e852232753c1b6bfbb5e,Spanish,ba,female,fifties,ba_erdialdekoa_nafarra,3,10
id00689,6934f5a580c166ec8f06bc1275111150994facdd1377104a318f12193cb7c007b1c7243a5fc2b547080e61d135d4965768189e6951af61948657e93262cbd37b,Spanish,ca,female,thirties,ca_central,3,19
id00500,b7701893dfbeb698f462738fdc31aa3fb42a870ed9c491c3fa157958e79598a188430bb649df17a05e8fb60993003b07a86a6104c8fd2c09f2dbf64e459e6081,Spanish,ca,female,fourties,ca_central,3,29
id00396,e81f101416125db9c802f2a71d8e4d8055c9d598a91377736abca36f4b7a6095c6679fc27a8acde1ab8ea69f048a179990844f0f1867959b97600fd47b5ca5b5,Spanish,ca,female,twenties,ca_central,3,45
id00094,e9faccc0d4b1cf1838f0160cffdfe2210cab7ef0d56449df3bf8da88a39f96347717592b3f9f78068a1ee85ad0e1495aa4b55cc40c4ba418a7fb1194f8a22c86,Spanish,"es,ba",female,twenties,nan,2,237
id00542,0e4cc47501470cacd837c3656baea01ebea02511fdf8b26f6a26c4c8124244f7fd25267e1a38881a5325104db64bb784346d90a2ceb69bf7d0083c68736385f7,Spanish,ca,female,fourties,ca_central,3,26
id01062,50e029073b1aa5fa1bc1ec697fef2e02893ff6379acab9ec0ab83dd8a6e618a23a59e05ed0ed73ba0cf947c153718cdffc193eedb11ba64b0dc3b2b8e63dd1b2,Spanish,ca,female,twenties,ca_central,3,9
id00478,e38a652fee1e2ef8470e36d6fdde134e1b6c4a838cfdb80c68f54b7867b11c05be743e17fba814a2d57b36322175d242ee6a374e8995ebac186ceb652d4c4096,Spanish,ca,female,sixties,ca_central,3,31
id00821,38f13b20ba7fbadce10e811a5762482e6b02dde0466483c0531ab573329831a5f187319c69d9017e07e27d216de243b4c7657824bc2bba6943347042c10c3919,Spanish,ca,female,twenties,ca_central,3,14
id00654,af3a1f719e77a1f0b603aa64c7a4ae5bd048cff69494d9c56618b58a34fd1dbbedb325eed53a0b6b699518152dd2000774f8c71d6f43ba70b7fc9d27c0bf737f,Spanish,ba,female,fourties,ba_mendebalekoa,3,20
id00264,4cc53ffaa1dbd6b5e4c667a7929a656f6c17af740a3c7673a51985fcab62744bf29569d1d7d0d73af1412fc7a08072ccf88ebfa73636818fee4979cc0fe895f8,Spanish,ba,female,twenties,ba_mendebalekoa,3,81
id00125,a7779259292cf29f733c56cb70383b6e221baa2a03be7b4278740d04e757b099abc1a43bd23a5b8b213fbf3345fa541b4661aeed66315ffd8b01eb22fb0e76a7,Spanish,"es,ba",female,twenties,nan,2,188
id01026,7a47c3d2d9b6a8d175f001f704265095dc2a47ff2fd86ff52ff289fa8fcfd8c203172c9c9f001901d68fc3b90093ec827c4e267f2b47cfba3cd4b2c6eb53e16d,Spanish,ca,female,sixties,ca_central,3,9
id00004,0da83aed14276e120e2581be32891bb088a22c272feb6f03b4bac1b827cccdbc8fee277a885f58e98931819e0d6171526c5fa7b2e788f68a2852e4d5314f613b,Spanish,ca,female,fifties,ca_central,3,3015
id01300,14598f8a23fb170b994c3c40908ca28b71989ca9a9206140866c2342a60b25aa605fd529f28445f0c0f361da053e4a2b60f396a84b4e0d80d05a14cd9e3795cb,Spanish,ca,female,fifties,ca_valencian,3,4
id01356,24105d140cc9ae0700c9e6d314fb2a6689a145a4f38fd2d97ecc5c1535c1e874dca15f309ce1141dfe3bb6c473ce72bd75ddf04dfafd73617f5f1ea127c02e81,Spanish,es,female,twenties,es_americacentral,3,3
id00111,4c2930dc4a7f31f183da7031e641bebce3d583b8fe77c6928ed7d399b0038b5761f0f5f09102fc34323480d98071a25dc093844556d0ffc1bf79d29a12376296,Spanish,ca,female,thirties,ca_central,3,204
id01102,740a6b2544391d27e023e21abb3a7e20d02d7bf445b82952a5b2b03b4bd65fea8840be5518c1ce7547058043b3192e265aaa1ba44f6cd9ee00c81bd66a131f32,Spanish,ca,female,fourties,ca_central,3,8
id00212,f8204d838d32ae877343dafad8f924b36013a852ea7cc994ba73c6028934566c529ccdd7b4ed9d2f9baf6b3438df173e8e9ff2c1e9df2b836d2ace572a1d12f8,Spanish,ca,female,fourties,ca_central,3,114
id00512,6101facf635064b4807427ea444263db5808affd82ccd4cbf8d99cf3b9ef5c483e105308b4ba0edd829dae5ce085a714349660ff9485fe55b198db59b122fb84,Spanish,ca,female,teens,ca_central,3,29
id00071,1887c37f4187a4c3213ba4b58d0ef15f903a3720ee94d5ce59c33db193f60db416a4d9607f213ae44ca3eafc7217fb9871e2ee1837ad4cc0f34794e5c543f9f5,Spanish,ca,female,sixties,ca_central,3,309
id01138,7cd0e059dd9a75e28700a9c2bc48e231404ae892adc01f186403209544439c4b143f843babbca0de981d7ed0d88bd79caf891225ea948865e4449ab65c175548,Spanish,ca,female,fifties,ca_central,3,5
id00665,e3686325b1bc815e70d9a490f73b76e49c572215e47cb4664ce1725fd303f58f1321efc0f0902cdae526384526b59179de1aed591d41dfd6d851f78606ca433f,Spanish,es,female,thirties,es_centrosurpeninsular,3,20
id01123,b01212e8b1cd0c1a52fb1a324fa0e723ceaa444179eaffee36bf2a2589c3c6b7026dc3213ac3f771ccbf84ae281e786fd21b6b19cd0f7578477bb4aabaed535a,Spanish,ca,female,thirties,ca_central,3,6
id01312,8b91bfdaa5ec64c6e6fe56008d6b603b9ac70f3808b67e391ebeec79923c17cc04c7e9810647dcc230af6534b5d913070fa0a98e3cc08accb16bb9d13758c163,Spanish,ba,female,seventies,nan,2,4
id00961,54ef5b6be29abd0a1e9751caf471546e921ae37f1efdf5818fddf37d571a447f248c7e07d3a398167b2f6131e7f32fe0872724688a92f77b2c1e797cb292b0df,Spanish,ca,female,twenties,ca_central,3,10
id00234,5269e8dff1a78aaa12a072091ab1aaaae8c8e1486f313969f890030bedabbc8885b07dcb9244f8104e91d8a90a8f8e4c25ca5abc53cc6512df4f5603e14af6b3,Spanish,ca,female,fourties,ca_other,3,99
id00896,49d4d784ec4c5a192e8d4baf8bb090da1d1e2ae240441ccbd8fafad8b6719db81691884bda4a227f436d7c027810c54a00e17fa0627234adb763128854f2371f,Spanish,ca,female,sixties,ca_other,3,10
id01322,de0604a2547bc91a537876b3333c7da4d93f420facbcf97a69043c17618a2576962cd3f3bc2efe4fd8ed727a09b2ca6a813bd09cca19fb1e8b0fe2159de33547,Spanish,ca,female,fourties,ca_central,3,4
id00123,466ee9e4de43cf223c003d046edfa86b6c177ceb2fd31201e287a86b4205812867912d850018aec97ca6de3fac81e2774194d2679be95412394ff1f7c63a230c,Spanish,ca,female,fourties,ca_central,3,191
id00913,5a82c566cff625539e732c2cf18a30022a81d32a5777073dba955c3c9df91460f1815ebe33aa85dbd6bb47f3944f85ce968cf52f223fdce9e886a5eb9fd271c1,Spanish,ca,female,twenties,ca_central,3,10
id00666,c65ee8e3329233918d9bda4890fd9e859b524568e936a2edbb7cf21913b2ff0b44d246035b708aecd734eb5060baa7bbee59e1cec578afb324ac128d2d1b905b,Spanish,ca,female,fourties,ca_central,3,20
id00607,b31331aed61a7512dfa6e76add9074221142d906f88c1a7f2be56d5e9a666db5ded1ccb188781763fc66357b9abc44c3cdf9d61e75501b9358ca67a8142b8f4f,Spanish,ca,female,sixties,ca_central,3,22
id00031,379d321bff71ebcd34792e8f4552d341f30a006b4765f8c6de4fa98d3ca416def88adbcb0253f5849f51793b3d7ca7e53700ec70b5a97e84ccd1f35a2a1fb6e5,Spanish,ca,female,fifties,ca_central,3,553
id00836,8d2c9b9f2cbeff2f140b625e7bfebf86c17e23ec5c2059095819e55bad52c23402a4d501b41a9cdcf068f7f050df9ceeb20fb3367af3b3db233473b6ecb86d61,Spanish,ba,female,twenties,ba_mendebalekoa,3,13
id00229,becfe6c638c3d4ec79ec7e09e844f17d89b7079023010fa679a0bfaf1a26efb7c71dea0d688ce1272ea6c76cc6a2aa6844cdf6c019615e5d0833eb72281f0559,Spanish,ba,female,thirties,ba_erdialdekoa_nafarra,3,102
id01021,a158b935e2b152164dd9e42215cb6339e2b0d9ee76a6f09eb82af494409f1bf61e7f027ecb1ad0127b5bc0c59e3149284cbf4500d4aebc92718babaab18d6781,Spanish,ca,female,twenties,ca_central,3,9
id00697,24d6b5682f0a7b7f781816ec7db812f7dcb6a0a8f08748a190a6d287bf91b9bc2183706ba501b32833fdf6b5147fca7e9ffdd9df656e911982c41b3e8068a7dc,Spanish,ca,female,fourties,ca_central,3,19
id00402,e40a550594d52ffa60a4d4f91207813314cc101ec7854b59df8ccdeecdcc668060cd9d1ada00f3be2d1c14638a252f7964677e101da474d4076a61631ad0dfdd,Spanish,ca,female,fourties,ca_northwestern,3,44
id00873,7deb92dbac181b0ab80caed8e33bd8af2b91aa5b65f584e8194c9b62cf4328e66eb6cfbb055684713cafe9dc099128c7412bb79e6cb35e8fb3542f02572c0237,Spanish,ca,female,twenties,ca_central,3,10
id01381,0a9d2113ff60bcd8dd57d3da4de2879ef0d12fdaa3c017c3e91d303ac360c5ffeb49e90867d28cf79df6399b56fb7fe31ed0f4d72f19c911653579951041830f,Spanish,ca,female,fifties,ca_central,3,3
id00328,8bf2e6feab0b8cca6eb76af58f27bf32c2ac637ecc17c10a5eda6513acf613264aec6ade4ce9e63aaec9655b8cde1d902b3fd3a570664946a6af589a366f1a53,Spanish,ca,female,fourties,ca_central,3,59
id00802,8bc6c65e1b98b58df26c7827954f9141e21a9e63f1d64e34994afcff6d9ed7a0a0c93c80b37a2a921c1f99166d8566accc3036fa478d9dcc3fb1213004e0680a,Spanish,ca,female,thirties,ca_northwestern,3,14
id01348,9da9181991035e2ba957774a75c0dc228533df1f94c7d53c68d15a61effe3cdcf2aaa2fd6beae79f61def34acab768491943b923f40a0fbabe5ab4dafb4ec97c,Spanish,ca,female,fourties,ca_central,3,4
id00852,269e09b927b9e284aab467f4c603dca9437b757a9ef1ef385069640393012a2263d2316fc060fabd571c5378a0de572e1d321fd9185631e314f80f7940e05c3d,Spanish,ca,female,fifties,ca_central,3,12
id00610,cf689b021a6cc5ae1d04db84068cc61c8b4c6a5158c2a1de79d02f7f24fe912d3c3ddfbf469e515003f39f166a8a3fa37ff20fec8dcf5f897f04b5be09c29e32,Spanish,ca,female,fifties,ca_central,3,22
id00131,1130292ad1d30a079dba10eb3d3ad46ede26ed8b384ee38920b61a58dfb1080a31c549c343b8fa8c800d349585593dbd3ce9d5b1bbf42a8fc94963ab829a3b69,Spanish,es,female,fourties,es_mexicano,3,183
id00956,85e36777cf5d8c7061990f6aab41c76250a2e7d979c0f605e6171d25f7c7083bf9ab2be011ca91a38f19a9ed7039f26d0f1205129c778187d0cfd967fce8ff72,Spanish,ca,female,fourties,ca_central,3,10
id00116,19bb2118a6228ef0417576624f3934bc2fd95f39b4bb4afd5776ea9cb83cdff6b44ed4908097a78704fbf6c7e981dffe0bf3552ff5c559714cd4734c8056d35b,Spanish,"es,ba",female,twenties,nan,2,202
id01281,521c548e7e4ab8af95fd8d545f1bc850fbaa98277c7db07f0ac7a630f18ad3088e19ddc6b88ed36ea5c70a49795e88e726e42fc3f3ddc2ec7363ca5f86444456,Spanish,ca,female,seventies,ca_central,3,5
id00421,8d903e34a474cfe9203ae10f46ae9a583d2f35d761a5a8db8aacbd56ee921a7c63ffea1e51067e3e20f5c126e8efed05380f209a2c40e4e86779d4a7becaf002,Spanish,ca,female,twenties,ca_valencian,3,39
id01180,8d999c8b79d35c285fe40dd934bd6bf0694ce23d814ebf11e9e7764a50cd7366c6ee0b2975d513e3faf042343522f6aaa269b643d99303bdbf2028ebeff4a4c1,Spanish,ca,female,thirties,ca_central,3,5
id00469,cf80822d524dbbbf62434df51720ac879e5c2bed2cd1beb10f1ad5e808791c9540e5d686cc7ad96fcc72e3cce2e03f2a1d4e096de43666a0dd55b954505570b6,Spanish,es,female,twenties,es_rioplatense,3,32
id01396,e9e36efdfb30efbdbdb0873bb4bd52519af41576d4fd92cd3d4156bc78ff5bb10c0c1c48d45f266e7a32ce4c86671f2e453d1ff90fadaf9d3ddba57213dbf8d5,Spanish,ba,female,twenties,nan,2,2
id01233,1ced6adff03e304d79a8378b5668c1be33975f634bba61a87e085a7f4ca4869308e6a3e0d814f0c7601db8a9d1e48127b9a46481a7a8a6419f50fac3f1955256,Spanish,ca,female,fifties,nan,2,5
id00461,d5c178f7c7d841185cfdec2e1243b0e7bee8865264c5c18d8facae26e53a2bb80aa7407d6d06f43cc67d93e4fe8645dd05908cf2ff98e69b923e5b75c2bb8637,Spanish,ca,female,fifties,ca_central,3,33
id01272,edf4d324c08e028db054fd8255236f3ff1ded023b3af39cc85fec435cdbbd8d92679e0783019ea0da9a8b1670777e99d24f8199ff1d4ceca7c223cc1654f0466,Spanish,ca,female,fourties,ca_central,3,5
id00412,d7ce9132e289c9e304e59e07da29d3117293453cf3a94119cf52cc0ea4aee15d83f2ff660077e4d6bab15bc0652497f47df6993b6f8af8cd632ce8fb94d81b7f,Spanish,ca,female,thirties,ca_central,3,43
id00143,626e9eb4bf3a8ab696c5e5d7405844d2b8bb33b6ef4f5883ded93432e5330ad468435ff401c8e323b30bcac69cf1088535da778b8746868c903d1400eeb6610b,Spanish,ca,female,twenties,ca_central,3,171
id01271,c5ed92cc91c7baa0baa5eaa049d8b7cf0cf825447aac1fa63fc2ece61deeb60ec3299d76235cdce29a171551e339aa0fb14c1da96ff342d9960651ce63c318f1,Spanish,ca,female,thirties,nan,2,5
id00110,66a0c0d68a8afa2b164f46230531104f64f4686c6937901384534e27f908657049fe827889e9d3046e1f42c26aba8c727d2f130ec9fb280496e6bec32d8be4c4,Spanish,ba,female,twenties,nan,2,205
id00912,015900e1ba87bfa3ad93b7175b5fd4999b86f5a751a9901b220e426ca9b59b31f1911ad6b8d72a084bf2fdf94e1e27f3b2d16e5add1849adbd0e45420eed03dc,Spanish,ca,female,thirties,ca_central,3,10
id00589,5285d33c4dc4ba18dda727e2363e5ca4cbf0eecd8cde834a100b8d3cbf688e1d97e6fe46de01735b32549d58af6ea6c21542e7e2574239c28d407d37ccf736d9,Spanish,ca,female,fourties,ca_central,3,24
id00640,01956d7012005c8c50bf48f940f69b2c70a3092fa98590b73de3725daaf477f81010008f1ff7f673fe4f77a259e647799bed3bcd8f00be6a2709cfc35f4d3dc6,Spanish,ca,female,fifties,ca_central,3,20
id00045,38f44bac0c01b71eea95c9acd63aeae5245587859df502c696bcf3560ed119d1f8ac8b6fb0f43566681c1a92ff430014f11fe55f3aa7f14e37f129b3d5e807a5,Spanish,es,female,nan,es_canario,2,425
id00832,bb0c29abf6ff4898d6eb10101b09373146dba19395231a6739a50ad8a4efef82f49f447f823682b2931256103a03604c56ed243ec7be4ff2995d6a049d049bf9,Spanish,ca,female,thirties,ca_central,3,13
id01218,655ae054b4efd7dbef02a1dcef8e932f346685b546190dd8107a107174de796ca8be97082fbe106c8ccf862e68ac38325680d72abb2fab8f9e9083cdc94165f9,Spanish,ca,female,fifties,ca_other,3,5
id00393,1d35648efbb846e5202d74ab30e082a49c167a5a3e58c0849209cd50aa384c06487cf4d91cc8849c4a8753827c1819e28fd7b2c22da62a7d204eb29ea8f7178b,Spanish,es,female,twenties,nan,2,46
id00706,d445a7355fcda3a8d8e490938be2691d20571979162e0860db5894c39f18187ae841a1ac0063b5d67eb7311740c6bf58186280e22b8205e1d600405e11fe78b2,Spanish,ba,female,twenties,ba_mendebalekoa,3,18
id01176,e3a520b5f90ad38ada18230749aaa949de80e3ad72c99f03b713a4d44b4c836a1084bd9fb732b047cdec910efd23d1fd856c4ab462e022e52ff0400d72a312d1,Spanish,ca,female,thirties,ca_central,3,5
id00482,05c75a6d96fbf099ae926ac3663a43f717c04a17bd895b1aaefa6e8cb3b03ef84df617fc3ed618aa7d205233999ac8543f8f1f70c30e24a406d1a9fcaa91f45d,Spanish,es,female,thirties,es_andino,3,30
id01001,b5f3b6affd9ec5e725b7e3836e688f10a25c3ecc587368f92bc90641552929e1bbdafc823404316e795d736f163678e180d332474235727b0dd24906d39d1d57,Spanish,ca,female,fourties,ca_central,3,9
id00778,a7d2207eebc4804f68f43dee8b55d920943dc991c326e80610c010ed460a8de0191a8f25500173cea46c7d60726058a449da8ce0b3eb18af73946298af48ead1,Spanish,ca,female,fourties,ca_central,3,15
id01088,8da1980b7366c174f28888b074d2a5d956702f5e5bed855e6fbe55b3ded7c139789c6fbb37786de4a6b3987a48e4394200d1ebc863c28d5730268d787af585c1,Spanish,ca,female,sixties,ca_central,3,8
id01308,eca2e5f4985fa02de8344f70c202e4cdebf7b62e2846fc13fffebf402a764d6de6df2add17cbbb513afab480818f6a5fd3882050bd06898afff6e895fdf81327,Spanish,ca,female,thirties,ca_central,3,4
id00909,d27cbd3938604f4e8e9c871a0f0833e3b73186a8483a4def941312ec8d104b7d2c98c2c6cffaa1bc540993fdb054dcadf57b9a7925e189b695802a76543d6c91,Spanish,ca,female,seventies,ca_central,3,10
id00651,009a05a9e971f49fc37576ba2f3a90ca1c7b0e595cfaf924bfcb539d3ff0476b0e4288f8afa637da46bcb2203fb5261c78cd5f3c35b7a2bc2bf4fba8f5c90922,Spanish,"es,ba",female,fourties,es_nortepeninsular,3,20
id00814,dfc24d665fa1d3f819dd63d64aade31648fe4e324ee924fa52bad2a1bfcb274ddb84201045fb677e50538eab145e06fc270f2f6486670a5441eb3cdbd20c85f3,Spanish,ca,female,sixties,nan,2,14
id00363,6c7ee8640bf9a8e112eca36e59d83181320c33e17462003b179ca9ee91694a91fd643de07944a2fa6bd85a36d53d0f8e3c2f86566df472df82fb2b174da4f89e,Spanish,ca,female,thirties,ca_central,3,51
id00321,faaae44f0ee6416971ec9c4d2f034ae68bc397e241d2fcede194cbce6b2b4b929d6ee3d406cfa6effe0ca903645ac367c8e04c3a45ccd0293cfa77c19c89aca5,Spanish,ca,female,fourties,ca_central,3,61
id00367,88d74239c6bde71809e8f9464d8feb0a859ca068917f2ce5ec4ebdb43eecc5381bce78b7dbb4ce9cad0bc06b3c4244dc5116fd09e1954c1ff3ba3557865ff601,Spanish,ca,female,fourties,ca_central,3,50
id00947,64242dfe03d3d647ad607a23def1f14740d1d37ec879e21e95feee71fcb9fa86d98404f2a9eda2e3e994745808b8a277304ceec5414cae7e738684b8207294c6,Spanish,ca,female,thirties,ca_central,3,10
id00251,3303f6ea7ace6a3ccc98fed43d898d06e29931e83189734f5f2a3d2baee2ebbc7a99bdc0fbca3f0b1710ceb46416ca84876c35c8ea5e536dc856dfeb29616990,Spanish,ca,female,thirties,ca_central,3,91
id00972,0e0a33907ae6ce52a4cd48498622fd817802f53853756f015b0c2ba29783b7f68a8f0bb0fbc88289dcec5ae19edcb67aae9f8762ab69e45cbcdc090f618b9b54,Spanish,ca,female,thirties,ca_central,3,10
id00227,bd417030be8419919cc9ca439fbb01578443db953a8f0e8203059cd1306a734ea233dc9efac074a31abef0119607a73c6ba5f2d0994bc1e8608128baaefb4c53,Spanish,ca,female,thirties,ca_central,3,103
id01217,0814a557fd5548bf09e6c6f8b2cb005399f711e86cc377a9d40fdd4c81fba10444d98b3c7bea43c18b3f83590c2f918a65095afbcec1e5e04855cd9b4a1a8d6b,Spanish,ca,female,thirties,ca_central,3,5
id00877,dcd03085b008cbaced9d07de54f81d048f3bf80d22666ad510870086bab7dc70fb2776d00b3b84eb2b7e93c898275112e01145fdfd774d2e9bb1b907da361ebc,Spanish,ca,female,sixties,ca_central,3,10
id00536,fdac48a8d8372a1939fa79d38a6daec1a1560e70874d2f08e8af6dcb7c964d9c25b0bfe4623a195ef7abb93aa0025f9dd354e18c518f54618269ffb746f45260,Spanish,ca,female,fourties,ca_central,3,27
id01239,4eaae6331317025e1fbb6f142b82230dbc718692d32d73fe4e8e055649735abc40838431ba692f3a1347524946639622f42f9b45a57e455655dff685f9b24a68,Spanish,ca,female,sixties,ca_central,3,5
id00305,5cd09f866d6006cadb0d3f60cef582aa937372bb4c70f57997cd0e8f9168330fd08b4c862cfe33d9083389999ed54a336ccfa15d15c2dc5bcb05bcc04a6cace0,Spanish,ba,female,teens,ba_mendebalekoa,3,66
id00044,c5d4c712e06053bc35bc6cef173daaaae7fd47db5ac812b95a2f0f08374432ffeaa2b49a0f10cb60f38405d2459489df0e43fb73b48bdb6caadcb4405915c33e,Spanish,ca,female,fifties,ca_central,3,429
id00181,9eea06cd18f3ede30f1f0d9ea553ba79f2f7436244de1eb683bea9fcd71fd1359480923b6a53364ffd9d5fdf5eecf6e917746feb6b1f185fe46282250aa2d569,Spanish,ca,female,fifties,nan,2,137
id00265,fbe8f6e78998d5eab006f577c32d312499aeb95c57425c8cce1b4e6d0b78727b509c9d99c1f55bc19243ed249f66fbb2be28281cdcd49abaa26a8585bc0c6808,Spanish,ca,female,fifties,ca_valencian,3,81
id00693,87fef2b9c0b59dd9235bad30b75f932ed1404feecbfe1ddc52b98cf35dda8350547a0e6fe36823ff7b57cf5f8b10dc511fab465f20d7d8c4c9b5146458761a42,Spanish,ca,female,fourties,ca_central,3,19
id01155,9305dc4b23f1067847b1b12876c56b77bb187f0e175730ac6b2d46e8f30b745d8d9b9832ac3f258c7fa9018de4d13816c6b478e6fba39f4c115dc014097230e4,Spanish,ca,female,fourties,ca_northwestern,3,5
id00258,1e272b6983c53e36f1dc82fc576631162d08662cbbe2a74238b7a30b342bd44fa2e769bb0d0398afb0cb1a6e228697b2eda803f5cb53bf28cc3f5e9006a8ce34,Spanish,ca,female,sixties,ca_central,3,88
